# system info soc_system on 2021.05.19.15:20:12
system_info:
name,value
DEVICE,5CSEMA4U23C6
DEVICE_FAMILY,Cyclone V
GENERATION_ID,1621430377
#
#
# Files generated for soc_system on 2021.05.19.15:20:12
files:
filepath,kind,attributes,module,is_top
simulation/soc_system.v,VERILOG,,soc_system,true
simulation/submodules/soc_system_REG1.v,VERILOG,,soc_system_REG1,false
simulation/submodules/soc_system_REG_OUT.v,VERILOG,,soc_system_REG_OUT,false
simulation/submodules/soc_system_fpga_only_master.v,VERILOG,,soc_system_fpga_only_master,false
simulation/submodules/soc_system_hps_0.v,VERILOG,,soc_system_hps_0,false
simulation/submodules/intr_capturer.v,VERILOG,,intr_capturer,false
simulation/submodules/soc_system_jtag_uart.v,VERILOG,,soc_system_jtag_uart,false
simulation/submodules/soc_system_onchip_memory2_0.hex,HEX,,soc_system_onchip_memory2_0,false
simulation/submodules/soc_system_onchip_memory2_0.v,VERILOG,,soc_system_onchip_memory2_0,false
simulation/submodules/soc_system_sysid_qsys.v,VERILOG,,soc_system_sysid_qsys,false
simulation/submodules/soc_system_mm_interconnect_0.v,VERILOG,,soc_system_mm_interconnect_0,false
simulation/submodules/soc_system_mm_interconnect_1.v,VERILOG,,soc_system_mm_interconnect_1,false
simulation/submodules/soc_system_irq_mapper.sv,SYSTEM_VERILOG,,soc_system_irq_mapper,false
simulation/submodules/soc_system_irq_mapper_001.sv,SYSTEM_VERILOG,,soc_system_irq_mapper_001,false
simulation/submodules/altera_reset_controller.v,VERILOG,,altera_reset_controller,false
simulation/submodules/altera_reset_synchronizer.v,VERILOG,,altera_reset_controller,false
simulation/submodules/altera_reset_controller.sdc,SDC,,altera_reset_controller,false
simulation/submodules/altera_avalon_st_jtag_interface.v,VERILOG,,altera_avalon_st_jtag_interface,false
simulation/submodules/altera_jtag_dc_streaming.v,VERILOG,,altera_avalon_st_jtag_interface,false
simulation/submodules/altera_jtag_sld_node.v,VERILOG,,altera_avalon_st_jtag_interface,false
simulation/submodules/altera_jtag_streaming.v,VERILOG,,altera_avalon_st_jtag_interface,false
simulation/submodules/altera_avalon_st_clock_crosser.v,VERILOG,,altera_avalon_st_jtag_interface,false
simulation/submodules/altera_std_synchronizer_nocut.v,VERILOG,,altera_avalon_st_jtag_interface,false
simulation/submodules/altera_avalon_st_pipeline_base.v,VERILOG,,altera_avalon_st_jtag_interface,false
simulation/submodules/altera_avalon_st_idle_remover.v,VERILOG,,altera_avalon_st_jtag_interface,false
simulation/submodules/altera_avalon_st_idle_inserter.v,VERILOG,,altera_avalon_st_jtag_interface,false
simulation/submodules/altera_avalon_st_pipeline_stage.sv,SYSTEM_VERILOG,,altera_avalon_st_jtag_interface,false
simulation/submodules/altera_avalon_st_jtag_interface.sdc,SDC,,altera_avalon_st_jtag_interface,false
simulation/submodules/soc_system_fpga_only_master_timing_adt.sv,SYSTEM_VERILOG,,soc_system_fpga_only_master_timing_adt,false
simulation/submodules/altera_avalon_sc_fifo.v,VERILOG,,altera_avalon_sc_fifo,false
simulation/submodules/altera_avalon_st_bytes_to_packets.v,VERILOG,,altera_avalon_st_bytes_to_packets,false
simulation/submodules/altera_avalon_st_packets_to_bytes.v,VERILOG,,altera_avalon_st_packets_to_bytes,false
simulation/submodules/altera_avalon_packets_to_master.v,VERILOG,,altera_avalon_packets_to_master,false
simulation/submodules/soc_system_fpga_only_master_b2p_adapter.sv,SYSTEM_VERILOG,,soc_system_fpga_only_master_b2p_adapter,false
simulation/submodules/soc_system_fpga_only_master_p2b_adapter.sv,SYSTEM_VERILOG,,soc_system_fpga_only_master_p2b_adapter,false
simulation/submodules/verbosity_pkg.sv,SYSTEM_VERILOG, COMMON_SYSTEMVERILOG_PACKAGE=avalon_vip_verbosity_pkg,soc_system_hps_0_fpga_interfaces,false
simulation/submodules/avalon_utilities_pkg.sv,SYSTEM_VERILOG, COMMON_SYSTEMVERILOG_PACKAGE=avalon_vip_avalon_utilities_pkg,soc_system_hps_0_fpga_interfaces,false
simulation/submodules/avalon_mm_pkg.sv,SYSTEM_VERILOG, COMMON_SYSTEMVERILOG_PACKAGE=avalon_vip_avalon_mm_pkg,soc_system_hps_0_fpga_interfaces,false
simulation/submodules/altera_avalon_mm_slave_bfm.sv,SYSTEM_VERILOG,,soc_system_hps_0_fpga_interfaces,false
simulation/submodules/questa_mvc_svapi.svh,SYSTEM_VERILOG,,soc_system_hps_0_fpga_interfaces,false
simulation/submodules/mgc_common_axi.sv,SYSTEM_VERILOG,,soc_system_hps_0_fpga_interfaces,false
simulation/submodules/mgc_axi_master.sv,SYSTEM_VERILOG,,soc_system_hps_0_fpga_interfaces,false
simulation/submodules/mgc_axi_slave.sv,SYSTEM_VERILOG,,soc_system_hps_0_fpga_interfaces,false
simulation/submodules/altera_avalon_interrupt_sink.sv,SYSTEM_VERILOG,,soc_system_hps_0_fpga_interfaces,false
simulation/submodules/altera_avalon_clock_source.sv,SYSTEM_VERILOG,,soc_system_hps_0_fpga_interfaces,false
simulation/submodules/altera_avalon_reset_source.sv,SYSTEM_VERILOG,,soc_system_hps_0_fpga_interfaces,false
simulation/submodules/soc_system_hps_0_fpga_interfaces_f2h_cold_reset_req.sv,SYSTEM_VERILOG,,soc_system_hps_0_fpga_interfaces,false
simulation/submodules/soc_system_hps_0_fpga_interfaces_f2h_debug_reset_req.sv,SYSTEM_VERILOG,,soc_system_hps_0_fpga_interfaces,false
simulation/submodules/soc_system_hps_0_fpga_interfaces_f2h_warm_reset_req.sv,SYSTEM_VERILOG,,soc_system_hps_0_fpga_interfaces,false
simulation/submodules/soc_system_hps_0_fpga_interfaces_f2h_stm_hw_events.sv,SYSTEM_VERILOG,,soc_system_hps_0_fpga_interfaces,false
simulation/submodules/soc_system_hps_0_fpga_interfaces.sv,SYSTEM_VERILOG,,soc_system_hps_0_fpga_interfaces,false
simulation/submodules/soc_system_hps_0_hps_io.v,VERILOG,,soc_system_hps_0_hps_io,false
simulation/submodules/altera_merlin_master_translator.sv,SYSTEM_VERILOG,,altera_merlin_master_translator,false
simulation/submodules/altera_merlin_slave_translator.sv,SYSTEM_VERILOG,,altera_merlin_slave_translator,false
simulation/submodules/altera_merlin_axi_master_ni.sv,SYSTEM_VERILOG,,altera_merlin_axi_master_ni,false
simulation/submodules/altera_merlin_address_alignment.sv,SYSTEM_VERILOG,,altera_merlin_axi_master_ni,false
simulation/submodules/altera_merlin_master_agent.sv,SYSTEM_VERILOG,,altera_merlin_master_agent,false
simulation/submodules/altera_merlin_slave_agent.sv,SYSTEM_VERILOG,,altera_merlin_slave_agent,false
simulation/submodules/altera_merlin_burst_uncompressor.sv,SYSTEM_VERILOG,,altera_merlin_slave_agent,false
simulation/submodules/soc_system_mm_interconnect_0_router.sv,SYSTEM_VERILOG,,soc_system_mm_interconnect_0_router,false
simulation/submodules/soc_system_mm_interconnect_0_router_002.sv,SYSTEM_VERILOG,,soc_system_mm_interconnect_0_router_002,false
simulation/submodules/soc_system_mm_interconnect_0_router_003.sv,SYSTEM_VERILOG,,soc_system_mm_interconnect_0_router_003,false
simulation/submodules/soc_system_mm_interconnect_0_router_005.sv,SYSTEM_VERILOG,,soc_system_mm_interconnect_0_router_005,false
simulation/submodules/soc_system_mm_interconnect_0_router_006.sv,SYSTEM_VERILOG,,soc_system_mm_interconnect_0_router_006,false
simulation/submodules/soc_system_mm_interconnect_0_router_007.sv,SYSTEM_VERILOG,,soc_system_mm_interconnect_0_router_007,false
simulation/submodules/soc_system_mm_interconnect_0_router_009.sv,SYSTEM_VERILOG,,soc_system_mm_interconnect_0_router_009,false
simulation/submodules/altera_merlin_traffic_limiter.sv,SYSTEM_VERILOG,,altera_merlin_traffic_limiter,false
simulation/submodules/altera_merlin_reorder_memory.sv,SYSTEM_VERILOG,,altera_merlin_traffic_limiter,false
simulation/submodules/altera_avalon_sc_fifo.v,SYSTEM_VERILOG,,altera_merlin_traffic_limiter,false
simulation/submodules/altera_avalon_st_pipeline_base.v,SYSTEM_VERILOG,,altera_merlin_traffic_limiter,false
simulation/submodules/altera_merlin_burst_adapter.sv,SYSTEM_VERILOG,,altera_merlin_burst_adapter,false
simulation/submodules/altera_merlin_burst_adapter_uncmpr.sv,SYSTEM_VERILOG,,altera_merlin_burst_adapter,false
simulation/submodules/altera_merlin_burst_adapter_13_1.sv,SYSTEM_VERILOG,,altera_merlin_burst_adapter,false
simulation/submodules/altera_merlin_burst_adapter_new.sv,SYSTEM_VERILOG,,altera_merlin_burst_adapter,false
simulation/submodules/altera_incr_burst_converter.sv,SYSTEM_VERILOG,,altera_merlin_burst_adapter,false
simulation/submodules/altera_wrap_burst_converter.sv,SYSTEM_VERILOG,,altera_merlin_burst_adapter,false
simulation/submodules/altera_default_burst_converter.sv,SYSTEM_VERILOG,,altera_merlin_burst_adapter,false
simulation/submodules/altera_merlin_address_alignment.sv,SYSTEM_VERILOG,,altera_merlin_burst_adapter,false
simulation/submodules/altera_avalon_st_pipeline_stage.sv,SYSTEM_VERILOG,,altera_merlin_burst_adapter,false
simulation/submodules/altera_avalon_st_pipeline_base.v,SYSTEM_VERILOG,,altera_merlin_burst_adapter,false
simulation/submodules/soc_system_mm_interconnect_0_cmd_demux.sv,SYSTEM_VERILOG,,soc_system_mm_interconnect_0_cmd_demux,false
simulation/submodules/soc_system_mm_interconnect_0_cmd_demux_002.sv,SYSTEM_VERILOG,,soc_system_mm_interconnect_0_cmd_demux_002,false
simulation/submodules/soc_system_mm_interconnect_0_cmd_demux_003.sv,SYSTEM_VERILOG,,soc_system_mm_interconnect_0_cmd_demux_003,false
simulation/submodules/soc_system_mm_interconnect_0_cmd_mux.sv,SYSTEM_VERILOG,,soc_system_mm_interconnect_0_cmd_mux,false
simulation/submodules/altera_merlin_arbitrator.sv,SYSTEM_VERILOG,,soc_system_mm_interconnect_0_cmd_mux,false
simulation/submodules/soc_system_mm_interconnect_0_cmd_mux_001.sv,SYSTEM_VERILOG,,soc_system_mm_interconnect_0_cmd_mux_001,false
simulation/submodules/altera_merlin_arbitrator.sv,SYSTEM_VERILOG,,soc_system_mm_interconnect_0_cmd_mux_001,false
simulation/submodules/soc_system_mm_interconnect_0_cmd_mux_002.sv,SYSTEM_VERILOG,,soc_system_mm_interconnect_0_cmd_mux_002,false
simulation/submodules/altera_merlin_arbitrator.sv,SYSTEM_VERILOG,,soc_system_mm_interconnect_0_cmd_mux_002,false
simulation/submodules/soc_system_mm_interconnect_0_cmd_mux_004.sv,SYSTEM_VERILOG,,soc_system_mm_interconnect_0_cmd_mux_004,false
simulation/submodules/altera_merlin_arbitrator.sv,SYSTEM_VERILOG,,soc_system_mm_interconnect_0_cmd_mux_004,false
simulation/submodules/soc_system_mm_interconnect_0_rsp_demux.sv,SYSTEM_VERILOG,,soc_system_mm_interconnect_0_rsp_demux,false
simulation/submodules/soc_system_mm_interconnect_0_rsp_demux_001.sv,SYSTEM_VERILOG,,soc_system_mm_interconnect_0_rsp_demux_001,false
simulation/submodules/soc_system_mm_interconnect_0_rsp_demux_002.sv,SYSTEM_VERILOG,,soc_system_mm_interconnect_0_rsp_demux_002,false
simulation/submodules/soc_system_mm_interconnect_0_rsp_demux_004.sv,SYSTEM_VERILOG,,soc_system_mm_interconnect_0_rsp_demux_004,false
simulation/submodules/soc_system_mm_interconnect_0_rsp_mux.sv,SYSTEM_VERILOG,,soc_system_mm_interconnect_0_rsp_mux,false
simulation/submodules/altera_merlin_arbitrator.sv,SYSTEM_VERILOG,,soc_system_mm_interconnect_0_rsp_mux,false
simulation/submodules/soc_system_mm_interconnect_0_rsp_mux_002.sv,SYSTEM_VERILOG,,soc_system_mm_interconnect_0_rsp_mux_002,false
simulation/submodules/altera_merlin_arbitrator.sv,SYSTEM_VERILOG,,soc_system_mm_interconnect_0_rsp_mux_002,false
simulation/submodules/soc_system_mm_interconnect_0_rsp_mux_003.sv,SYSTEM_VERILOG,,soc_system_mm_interconnect_0_rsp_mux_003,false
simulation/submodules/altera_merlin_arbitrator.sv,SYSTEM_VERILOG,,soc_system_mm_interconnect_0_rsp_mux_003,false
simulation/submodules/altera_merlin_width_adapter.sv,SYSTEM_VERILOG,,altera_merlin_width_adapter,false
simulation/submodules/altera_merlin_address_alignment.sv,SYSTEM_VERILOG,,altera_merlin_width_adapter,false
simulation/submodules/altera_merlin_burst_uncompressor.sv,SYSTEM_VERILOG,,altera_merlin_width_adapter,false
simulation/submodules/soc_system_mm_interconnect_0_avalon_st_adapter.v,VERILOG,,soc_system_mm_interconnect_0_avalon_st_adapter,false
simulation/submodules/soc_system_mm_interconnect_0_avalon_st_adapter_001.v,VERILOG,,soc_system_mm_interconnect_0_avalon_st_adapter_001,false
simulation/submodules/altera_merlin_axi_slave_ni.sv,SYSTEM_VERILOG,,altera_merlin_axi_slave_ni,false
simulation/submodules/altera_merlin_burst_uncompressor.sv,SYSTEM_VERILOG,,altera_merlin_axi_slave_ni,false
simulation/submodules/altera_avalon_sc_fifo.v,VERILOG,,altera_merlin_axi_slave_ni,false
simulation/submodules/altera_merlin_address_alignment.sv,SYSTEM_VERILOG,,altera_merlin_axi_slave_ni,false
simulation/submodules/soc_system_mm_interconnect_1_router.sv,SYSTEM_VERILOG,,soc_system_mm_interconnect_1_router,false
simulation/submodules/soc_system_mm_interconnect_1_router_001.sv,SYSTEM_VERILOG,,soc_system_mm_interconnect_1_router_001,false
simulation/submodules/soc_system_mm_interconnect_1_cmd_demux.sv,SYSTEM_VERILOG,,soc_system_mm_interconnect_1_cmd_demux,false
simulation/submodules/soc_system_mm_interconnect_1_cmd_mux.sv,SYSTEM_VERILOG,,soc_system_mm_interconnect_1_cmd_mux,false
simulation/submodules/altera_merlin_arbitrator.sv,SYSTEM_VERILOG,,soc_system_mm_interconnect_1_cmd_mux,false
simulation/submodules/soc_system_mm_interconnect_1_rsp_demux.sv,SYSTEM_VERILOG,,soc_system_mm_interconnect_1_rsp_demux,false
simulation/submodules/soc_system_mm_interconnect_1_rsp_mux.sv,SYSTEM_VERILOG,,soc_system_mm_interconnect_1_rsp_mux,false
simulation/submodules/altera_merlin_arbitrator.sv,SYSTEM_VERILOG,,soc_system_mm_interconnect_1_rsp_mux,false
simulation/submodules/verbosity_pkg.sv,SYSTEM_VERILOG, COMMON_SYSTEMVERILOG_PACKAGE=avalon_vip_verbosity_pkg,soc_system_hps_0_hps_io_border,false
simulation/submodules/avalon_utilities_pkg.sv,SYSTEM_VERILOG, COMMON_SYSTEMVERILOG_PACKAGE=avalon_vip_avalon_utilities_pkg,soc_system_hps_0_hps_io_border,false
simulation/submodules/avalon_mm_pkg.sv,SYSTEM_VERILOG, COMMON_SYSTEMVERILOG_PACKAGE=avalon_vip_avalon_mm_pkg,soc_system_hps_0_hps_io_border,false
simulation/submodules/altera_avalon_mm_slave_bfm.sv,SYSTEM_VERILOG,,soc_system_hps_0_hps_io_border,false
simulation/submodules/altera_avalon_interrupt_sink.sv,SYSTEM_VERILOG,,soc_system_hps_0_hps_io_border,false
simulation/submodules/altera_avalon_clock_source.sv,SYSTEM_VERILOG,,soc_system_hps_0_hps_io_border,false
simulation/submodules/altera_avalon_reset_source.sv,SYSTEM_VERILOG,,soc_system_hps_0_hps_io_border,false
simulation/submodules/soc_system_hps_0_hps_io_border_memory.sv,SYSTEM_VERILOG,,soc_system_hps_0_hps_io_border,false
simulation/submodules/soc_system_hps_0_hps_io_border_hps_io.sv,SYSTEM_VERILOG,,soc_system_hps_0_hps_io_border,false
simulation/submodules/soc_system_hps_0_hps_io_border.sv,SYSTEM_VERILOG,,soc_system_hps_0_hps_io_border,false
simulation/submodules/soc_system_mm_interconnect_0_avalon_st_adapter_error_adapter_0.sv,SYSTEM_VERILOG,,soc_system_mm_interconnect_0_avalon_st_adapter_error_adapter_0,false
simulation/submodules/soc_system_mm_interconnect_0_avalon_st_adapter_001_error_adapter_0.sv,SYSTEM_VERILOG,,soc_system_mm_interconnect_0_avalon_st_adapter_001_error_adapter_0,false
#
# Map from instance-path to kind of module
instances:
instancePath,module
soc_system.REG1,soc_system_REG1
soc_system.REG2,soc_system_REG1
soc_system.REG3,soc_system_REG1
soc_system.REG_OUT,soc_system_REG_OUT
soc_system.fpga_only_master,soc_system_fpga_only_master
soc_system.fpga_only_master.jtag_phy_embedded_in_jtag_master,altera_avalon_st_jtag_interface
soc_system.fpga_only_master.timing_adt,soc_system_fpga_only_master_timing_adt
soc_system.fpga_only_master.fifo,altera_avalon_sc_fifo
soc_system.fpga_only_master.b2p,altera_avalon_st_bytes_to_packets
soc_system.fpga_only_master.p2b,altera_avalon_st_packets_to_bytes
soc_system.fpga_only_master.transacto,altera_avalon_packets_to_master
soc_system.fpga_only_master.b2p_adapter,soc_system_fpga_only_master_b2p_adapter
soc_system.fpga_only_master.p2b_adapter,soc_system_fpga_only_master_p2b_adapter
soc_system.fpga_only_master.rst_controller,altera_reset_controller
soc_system.hps_only_master,soc_system_fpga_only_master
soc_system.hps_only_master.jtag_phy_embedded_in_jtag_master,altera_avalon_st_jtag_interface
soc_system.hps_only_master.timing_adt,soc_system_fpga_only_master_timing_adt
soc_system.hps_only_master.fifo,altera_avalon_sc_fifo
soc_system.hps_only_master.b2p,altera_avalon_st_bytes_to_packets
soc_system.hps_only_master.p2b,altera_avalon_st_packets_to_bytes
soc_system.hps_only_master.transacto,altera_avalon_packets_to_master
soc_system.hps_only_master.b2p_adapter,soc_system_fpga_only_master_b2p_adapter
soc_system.hps_only_master.p2b_adapter,soc_system_fpga_only_master_p2b_adapter
soc_system.hps_only_master.rst_controller,altera_reset_controller
soc_system.hps_0,soc_system_hps_0
soc_system.hps_0.fpga_interfaces,soc_system_hps_0_fpga_interfaces
soc_system.hps_0.hps_io,soc_system_hps_0_hps_io
soc_system.hps_0.hps_io.border,soc_system_hps_0_hps_io_border
soc_system.intr_capturer_0,intr_capturer
soc_system.jtag_uart,soc_system_jtag_uart
soc_system.onchip_memory2_0,soc_system_onchip_memory2_0
soc_system.sysid_qsys,soc_system_sysid_qsys
soc_system.mm_interconnect_0,soc_system_mm_interconnect_0
soc_system.mm_interconnect_0.fpga_only_master_master_translator,altera_merlin_master_translator
soc_system.mm_interconnect_0.onchip_memory2_0_s1_translator,altera_merlin_slave_translator
soc_system.mm_interconnect_0.jtag_uart_avalon_jtag_slave_translator,altera_merlin_slave_translator
soc_system.mm_interconnect_0.intr_capturer_0_avalon_slave_0_translator,altera_merlin_slave_translator
soc_system.mm_interconnect_0.sysid_qsys_control_slave_translator,altera_merlin_slave_translator
soc_system.mm_interconnect_0.REG1_s1_translator,altera_merlin_slave_translator
soc_system.mm_interconnect_0.REG2_s1_translator,altera_merlin_slave_translator
soc_system.mm_interconnect_0.REG3_s1_translator,altera_merlin_slave_translator
soc_system.mm_interconnect_0.REG_OUT_s1_translator,altera_merlin_slave_translator
soc_system.mm_interconnect_0.hps_0_h2f_axi_master_agent,altera_merlin_axi_master_ni
soc_system.mm_interconnect_0.hps_0_h2f_lw_axi_master_agent,altera_merlin_axi_master_ni
soc_system.mm_interconnect_0.fpga_only_master_master_agent,altera_merlin_master_agent
soc_system.mm_interconnect_0.onchip_memory2_0_s1_agent,altera_merlin_slave_agent
soc_system.mm_interconnect_0.jtag_uart_avalon_jtag_slave_agent,altera_merlin_slave_agent
soc_system.mm_interconnect_0.intr_capturer_0_avalon_slave_0_agent,altera_merlin_slave_agent
soc_system.mm_interconnect_0.sysid_qsys_control_slave_agent,altera_merlin_slave_agent
soc_system.mm_interconnect_0.REG1_s1_agent,altera_merlin_slave_agent
soc_system.mm_interconnect_0.REG2_s1_agent,altera_merlin_slave_agent
soc_system.mm_interconnect_0.REG3_s1_agent,altera_merlin_slave_agent
soc_system.mm_interconnect_0.REG_OUT_s1_agent,altera_merlin_slave_agent
soc_system.mm_interconnect_0.onchip_memory2_0_s1_agent_rsp_fifo,altera_avalon_sc_fifo
soc_system.mm_interconnect_0.onchip_memory2_0_s1_agent_rdata_fifo,altera_avalon_sc_fifo
soc_system.mm_interconnect_0.jtag_uart_avalon_jtag_slave_agent_rsp_fifo,altera_avalon_sc_fifo
soc_system.mm_interconnect_0.jtag_uart_avalon_jtag_slave_agent_rdata_fifo,altera_avalon_sc_fifo
soc_system.mm_interconnect_0.intr_capturer_0_avalon_slave_0_agent_rsp_fifo,altera_avalon_sc_fifo
soc_system.mm_interconnect_0.intr_capturer_0_avalon_slave_0_agent_rdata_fifo,altera_avalon_sc_fifo
soc_system.mm_interconnect_0.sysid_qsys_control_slave_agent_rsp_fifo,altera_avalon_sc_fifo
soc_system.mm_interconnect_0.sysid_qsys_control_slave_agent_rdata_fifo,altera_avalon_sc_fifo
soc_system.mm_interconnect_0.REG1_s1_agent_rsp_fifo,altera_avalon_sc_fifo
soc_system.mm_interconnect_0.REG1_s1_agent_rdata_fifo,altera_avalon_sc_fifo
soc_system.mm_interconnect_0.REG2_s1_agent_rsp_fifo,altera_avalon_sc_fifo
soc_system.mm_interconnect_0.REG2_s1_agent_rdata_fifo,altera_avalon_sc_fifo
soc_system.mm_interconnect_0.REG3_s1_agent_rsp_fifo,altera_avalon_sc_fifo
soc_system.mm_interconnect_0.REG3_s1_agent_rdata_fifo,altera_avalon_sc_fifo
soc_system.mm_interconnect_0.REG_OUT_s1_agent_rsp_fifo,altera_avalon_sc_fifo
soc_system.mm_interconnect_0.REG_OUT_s1_agent_rdata_fifo,altera_avalon_sc_fifo
soc_system.mm_interconnect_0.router,soc_system_mm_interconnect_0_router
soc_system.mm_interconnect_0.router_001,soc_system_mm_interconnect_0_router
soc_system.mm_interconnect_0.router_002,soc_system_mm_interconnect_0_router_002
soc_system.mm_interconnect_0.router_003,soc_system_mm_interconnect_0_router_003
soc_system.mm_interconnect_0.router_004,soc_system_mm_interconnect_0_router_003
soc_system.mm_interconnect_0.router_005,soc_system_mm_interconnect_0_router_005
soc_system.mm_interconnect_0.router_006,soc_system_mm_interconnect_0_router_006
soc_system.mm_interconnect_0.router_008,soc_system_mm_interconnect_0_router_006
soc_system.mm_interconnect_0.router_007,soc_system_mm_interconnect_0_router_007
soc_system.mm_interconnect_0.router_009,soc_system_mm_interconnect_0_router_009
soc_system.mm_interconnect_0.router_010,soc_system_mm_interconnect_0_router_009
soc_system.mm_interconnect_0.router_011,soc_system_mm_interconnect_0_router_009
soc_system.mm_interconnect_0.router_012,soc_system_mm_interconnect_0_router_009
soc_system.mm_interconnect_0.fpga_only_master_master_limiter,altera_merlin_traffic_limiter
soc_system.mm_interconnect_0.hps_0_h2f_lw_axi_master_wr_limiter,altera_merlin_traffic_limiter
soc_system.mm_interconnect_0.hps_0_h2f_lw_axi_master_rd_limiter,altera_merlin_traffic_limiter
soc_system.mm_interconnect_0.onchip_memory2_0_s1_burst_adapter,altera_merlin_burst_adapter
soc_system.mm_interconnect_0.jtag_uart_avalon_jtag_slave_burst_adapter,altera_merlin_burst_adapter
soc_system.mm_interconnect_0.sysid_qsys_control_slave_burst_adapter,altera_merlin_burst_adapter
soc_system.mm_interconnect_0.REG1_s1_burst_adapter,altera_merlin_burst_adapter
soc_system.mm_interconnect_0.REG2_s1_burst_adapter,altera_merlin_burst_adapter
soc_system.mm_interconnect_0.REG3_s1_burst_adapter,altera_merlin_burst_adapter
soc_system.mm_interconnect_0.REG_OUT_s1_burst_adapter,altera_merlin_burst_adapter
soc_system.mm_interconnect_0.cmd_demux,soc_system_mm_interconnect_0_cmd_demux
soc_system.mm_interconnect_0.cmd_demux_001,soc_system_mm_interconnect_0_cmd_demux
soc_system.mm_interconnect_0.cmd_demux_002,soc_system_mm_interconnect_0_cmd_demux_002
soc_system.mm_interconnect_0.cmd_demux_003,soc_system_mm_interconnect_0_cmd_demux_003
soc_system.mm_interconnect_0.cmd_demux_004,soc_system_mm_interconnect_0_cmd_demux_003
soc_system.mm_interconnect_0.cmd_mux,soc_system_mm_interconnect_0_cmd_mux
soc_system.mm_interconnect_0.cmd_mux_001,soc_system_mm_interconnect_0_cmd_mux_001
soc_system.mm_interconnect_0.cmd_mux_003,soc_system_mm_interconnect_0_cmd_mux_001
soc_system.mm_interconnect_0.cmd_mux_002,soc_system_mm_interconnect_0_cmd_mux_002
soc_system.mm_interconnect_0.cmd_mux_004,soc_system_mm_interconnect_0_cmd_mux_004
soc_system.mm_interconnect_0.cmd_mux_005,soc_system_mm_interconnect_0_cmd_mux_004
soc_system.mm_interconnect_0.cmd_mux_006,soc_system_mm_interconnect_0_cmd_mux_004
soc_system.mm_interconnect_0.cmd_mux_007,soc_system_mm_interconnect_0_cmd_mux_004
soc_system.mm_interconnect_0.rsp_demux,soc_system_mm_interconnect_0_rsp_demux
soc_system.mm_interconnect_0.rsp_demux_001,soc_system_mm_interconnect_0_rsp_demux_001
soc_system.mm_interconnect_0.rsp_demux_003,soc_system_mm_interconnect_0_rsp_demux_001
soc_system.mm_interconnect_0.rsp_demux_002,soc_system_mm_interconnect_0_rsp_demux_002
soc_system.mm_interconnect_0.rsp_demux_004,soc_system_mm_interconnect_0_rsp_demux_004
soc_system.mm_interconnect_0.rsp_demux_005,soc_system_mm_interconnect_0_rsp_demux_004
soc_system.mm_interconnect_0.rsp_demux_006,soc_system_mm_interconnect_0_rsp_demux_004
soc_system.mm_interconnect_0.rsp_demux_007,soc_system_mm_interconnect_0_rsp_demux_004
soc_system.mm_interconnect_0.rsp_mux,soc_system_mm_interconnect_0_rsp_mux
soc_system.mm_interconnect_0.rsp_mux_001,soc_system_mm_interconnect_0_rsp_mux
soc_system.mm_interconnect_0.rsp_mux_002,soc_system_mm_interconnect_0_rsp_mux_002
soc_system.mm_interconnect_0.rsp_mux_003,soc_system_mm_interconnect_0_rsp_mux_003
soc_system.mm_interconnect_0.rsp_mux_004,soc_system_mm_interconnect_0_rsp_mux_003
soc_system.mm_interconnect_0.fpga_only_master_master_to_onchip_memory2_0_s1_cmd_width_adapter,altera_merlin_width_adapter
soc_system.mm_interconnect_0.onchip_memory2_0_s1_to_fpga_only_master_master_rsp_width_adapter,altera_merlin_width_adapter
soc_system.mm_interconnect_0.avalon_st_adapter,soc_system_mm_interconnect_0_avalon_st_adapter
soc_system.mm_interconnect_0.avalon_st_adapter.error_adapter_0,soc_system_mm_interconnect_0_avalon_st_adapter_error_adapter_0
soc_system.mm_interconnect_0.avalon_st_adapter_001,soc_system_mm_interconnect_0_avalon_st_adapter_001
soc_system.mm_interconnect_0.avalon_st_adapter_001.error_adapter_0,soc_system_mm_interconnect_0_avalon_st_adapter_001_error_adapter_0
soc_system.mm_interconnect_0.avalon_st_adapter_002,soc_system_mm_interconnect_0_avalon_st_adapter_001
soc_system.mm_interconnect_0.avalon_st_adapter_002.error_adapter_0,soc_system_mm_interconnect_0_avalon_st_adapter_001_error_adapter_0
soc_system.mm_interconnect_0.avalon_st_adapter_003,soc_system_mm_interconnect_0_avalon_st_adapter_001
soc_system.mm_interconnect_0.avalon_st_adapter_003.error_adapter_0,soc_system_mm_interconnect_0_avalon_st_adapter_001_error_adapter_0
soc_system.mm_interconnect_0.avalon_st_adapter_004,soc_system_mm_interconnect_0_avalon_st_adapter_001
soc_system.mm_interconnect_0.avalon_st_adapter_004.error_adapter_0,soc_system_mm_interconnect_0_avalon_st_adapter_001_error_adapter_0
soc_system.mm_interconnect_0.avalon_st_adapter_005,soc_system_mm_interconnect_0_avalon_st_adapter_001
soc_system.mm_interconnect_0.avalon_st_adapter_005.error_adapter_0,soc_system_mm_interconnect_0_avalon_st_adapter_001_error_adapter_0
soc_system.mm_interconnect_0.avalon_st_adapter_006,soc_system_mm_interconnect_0_avalon_st_adapter_001
soc_system.mm_interconnect_0.avalon_st_adapter_006.error_adapter_0,soc_system_mm_interconnect_0_avalon_st_adapter_001_error_adapter_0
soc_system.mm_interconnect_0.avalon_st_adapter_007,soc_system_mm_interconnect_0_avalon_st_adapter_001
soc_system.mm_interconnect_0.avalon_st_adapter_007.error_adapter_0,soc_system_mm_interconnect_0_avalon_st_adapter_001_error_adapter_0
soc_system.mm_interconnect_1,soc_system_mm_interconnect_1
soc_system.mm_interconnect_1.hps_only_master_master_translator,altera_merlin_master_translator
soc_system.mm_interconnect_1.hps_only_master_master_agent,altera_merlin_master_agent
soc_system.mm_interconnect_1.hps_0_f2h_axi_slave_agent,altera_merlin_axi_slave_ni
soc_system.mm_interconnect_1.router,soc_system_mm_interconnect_1_router
soc_system.mm_interconnect_1.router_001,soc_system_mm_interconnect_1_router_001
soc_system.mm_interconnect_1.router_002,soc_system_mm_interconnect_1_router_001
soc_system.mm_interconnect_1.hps_only_master_master_limiter,altera_merlin_traffic_limiter
soc_system.mm_interconnect_1.cmd_demux,soc_system_mm_interconnect_1_cmd_demux
soc_system.mm_interconnect_1.cmd_mux,soc_system_mm_interconnect_1_cmd_mux
soc_system.mm_interconnect_1.cmd_mux_001,soc_system_mm_interconnect_1_cmd_mux
soc_system.mm_interconnect_1.rsp_demux,soc_system_mm_interconnect_1_rsp_demux
soc_system.mm_interconnect_1.rsp_demux_001,soc_system_mm_interconnect_1_rsp_demux
soc_system.mm_interconnect_1.rsp_mux,soc_system_mm_interconnect_1_rsp_mux
soc_system.mm_interconnect_1.hps_0_f2h_axi_slave_wr_cmd_width_adapter,altera_merlin_width_adapter
soc_system.mm_interconnect_1.hps_0_f2h_axi_slave_rd_cmd_width_adapter,altera_merlin_width_adapter
soc_system.mm_interconnect_1.hps_0_f2h_axi_slave_wr_rsp_width_adapter,altera_merlin_width_adapter
soc_system.mm_interconnect_1.hps_0_f2h_axi_slave_rd_rsp_width_adapter,altera_merlin_width_adapter
soc_system.irq_mapper,soc_system_irq_mapper
soc_system.irq_mapper_002,soc_system_irq_mapper
soc_system.irq_mapper_001,soc_system_irq_mapper_001
soc_system.rst_controller,altera_reset_controller
soc_system.rst_controller_001,altera_reset_controller
